gen,nevals,avg,std,min,max,dead,time
0,500,      307.66,       30.29,      186.43,    4.08e+02,0,14.668090105056763
1,397,      339.46,      258.12,      186.43,    2.32e+03,0,12.950949907302856
