gen,nevals,avg,std,min,max,dead,time
0,3500,470941.385726778,497697.81107968686,0.6072521781338736,1000000.0,0,80.84796524047852
