gen,nevals,avg,std,min,max,dead,time
0,500,    12914.40,    95578.74,      216.28,    1.00e+06,0,7.1368021965026855
1,372,      329.98,      179.20,      216.28,    1.37e+03,0,6.508877754211426
